,coords,value,2d,3d
0,"(0.5, 0.5)",0.2617621899059025,0.5,0.5
1,"(0.5, 0.579)",0.2660393498716852,0.5,0.579
2,"(0.5, 0.658)",0.26518391787852863,0.5,0.658
3,"(0.5, 0.737)",0.2643284858853721,0.5,0.737
4,"(0.5, 0.816)",0.2617621899059025,0.5,0.816
5,"(0.5, 0.895)",0.2617621899059025,0.5,0.895
6,"(0.5, 0.974)",0.2600513259195894,0.5,0.974
7,"(0.5, 1.0)",0.2600513259195894,0.5,1.0
8,"(0.5, 1.053)",0.2583404619332763,0.5,1.053
9,"(0.5, 1.132)",0.25748502994011974,0.5,1.132
10,"(0.5, 1.211)",0.2583404619332763,0.5,1.211
11,"(0.5, 1.289)",0.2583404619332763,0.5,1.289
12,"(0.5, 1.368)",0.25748502994011974,0.5,1.368
13,"(0.5, 1.447)",0.25748502994011974,0.5,1.447
14,"(0.5, 1.5)",0.25748502994011974,0.5,1.5
15,"(0.5, 1.526)",0.2583404619332763,0.5,1.526
16,"(0.5, 1.605)",0.2583404619332763,0.5,1.605
17,"(0.5, 1.684)",0.2583404619332763,0.5,1.684
18,"(0.5, 1.763)",0.2583404619332763,0.5,1.763
19,"(0.5, 1.842)",0.25748502994011974,0.5,1.842
20,"(0.5, 1.921)",0.25748502994011974,0.5,1.921
21,"(0.5, 2.0)",0.25748502994011974,0.5,2.0
22,"(0.579, 0.5)",0.24893071000855432,0.579,0.5
23,"(0.579, 0.579)",0.2617621899059025,0.579,0.579
24,"(0.579, 0.658)",0.26518391787852863,0.579,0.658
25,"(0.579, 0.737)",0.26518391787852863,0.579,0.737
26,"(0.579, 0.816)",0.2634730538922156,0.579,0.816
27,"(0.579, 0.895)",0.2609067579127459,0.579,0.895
28,"(0.579, 0.974)",0.2609067579127459,0.579,0.974
29,"(0.579, 1.0)",0.25919589392643283,0.579,1.0
30,"(0.579, 1.053)",0.2600513259195894,0.579,1.053
31,"(0.579, 1.132)",0.25748502994011974,0.579,1.132
32,"(0.579, 1.211)",0.25919589392643283,0.579,1.211
33,"(0.579, 1.289)",0.2583404619332763,0.579,1.289
34,"(0.579, 1.368)",0.25748502994011974,0.579,1.368
35,"(0.579, 1.447)",0.25748502994011974,0.579,1.447
36,"(0.579, 1.5)",0.25748502994011974,0.579,1.5
37,"(0.579, 1.526)",0.25748502994011974,0.579,1.526
38,"(0.579, 1.605)",0.2583404619332763,0.579,1.605
39,"(0.579, 1.684)",0.2583404619332763,0.579,1.684
40,"(0.579, 1.763)",0.2583404619332763,0.579,1.763
41,"(0.579, 1.842)",0.2583404619332763,0.579,1.842
42,"(0.579, 1.921)",0.25748502994011974,0.579,1.921
43,"(0.579, 2.0)",0.25748502994011974,0.579,2.0
44,"(0.658, 0.5)",0.24208725406330198,0.658,0.5
45,"(0.658, 0.579)",0.24893071000855432,0.658,0.579
46,"(0.658, 0.658)",0.262617621899059,0.658,0.658
47,"(0.658, 0.737)",0.2634730538922156,0.658,0.737
48,"(0.658, 0.816)",0.2634730538922156,0.658,0.816
49,"(0.658, 0.895)",0.2643284858853721,0.658,0.895
50,"(0.658, 0.974)",0.2617621899059025,0.658,0.974
51,"(0.658, 1.0)",0.2617621899059025,0.658,1.0
52,"(0.658, 1.053)",0.2600513259195894,0.658,1.053
53,"(0.658, 1.132)",0.25919589392643283,0.658,1.132
54,"(0.658, 1.211)",0.25748502994011974,0.658,1.211
55,"(0.658, 1.289)",0.25919589392643283,0.658,1.289
56,"(0.658, 1.368)",0.25919589392643283,0.658,1.368
57,"(0.658, 1.447)",0.25748502994011974,0.658,1.447
58,"(0.658, 1.5)",0.25748502994011974,0.658,1.5
59,"(0.658, 1.526)",0.25748502994011974,0.658,1.526
60,"(0.658, 1.605)",0.25748502994011974,0.658,1.605
61,"(0.658, 1.684)",0.2583404619332763,0.658,1.684
62,"(0.658, 1.763)",0.2583404619332763,0.658,1.763
63,"(0.658, 1.842)",0.2583404619332763,0.658,1.842
64,"(0.658, 1.921)",0.25748502994011974,0.658,1.921
65,"(0.658, 2.0)",0.25748502994011974,0.658,2.0
66,"(0.737, 0.5)",0.24208725406330198,0.737,0.5
67,"(0.737, 0.579)",0.2446535500427716,0.737,0.579
68,"(0.737, 0.658)",0.2506415739948674,0.737,0.658
69,"(0.737, 0.737)",0.2634730538922156,0.737,0.737
70,"(0.737, 0.816)",0.2643284858853721,0.737,0.816
71,"(0.737, 0.895)",0.262617621899059,0.737,0.895
72,"(0.737, 0.974)",0.2634730538922156,0.737,0.974
73,"(0.737, 1.0)",0.262617621899059,0.737,1.0
74,"(0.737, 1.053)",0.2600513259195894,0.737,1.053
75,"(0.737, 1.132)",0.2609067579127459,0.737,1.132
76,"(0.737, 1.211)",0.2600513259195894,0.737,1.211
77,"(0.737, 1.289)",0.2583404619332763,0.737,1.289
78,"(0.737, 1.368)",0.2600513259195894,0.737,1.368
79,"(0.737, 1.447)",0.2583404619332763,0.737,1.447
80,"(0.737, 1.5)",0.2583404619332763,0.737,1.5
81,"(0.737, 1.526)",0.2583404619332763,0.737,1.526
82,"(0.737, 1.605)",0.25748502994011974,0.737,1.605
83,"(0.737, 1.684)",0.25748502994011974,0.737,1.684
84,"(0.737, 1.763)",0.2583404619332763,0.737,1.763
85,"(0.737, 1.842)",0.2583404619332763,0.737,1.842
86,"(0.737, 1.921)",0.2583404619332763,0.737,1.921
87,"(0.737, 2.0)",0.25748502994011974,0.737,2.0
88,"(0.816, 0.5)",0.2386655260906758,0.816,0.5
89,"(0.816, 0.579)",0.24037639007698888,0.816,0.579
90,"(0.816, 0.658)",0.24123182207014543,0.816,0.658
91,"(0.816, 0.737)",0.2540633019674936,0.816,0.737
92,"(0.816, 0.816)",0.2634730538922156,0.816,0.816
93,"(0.816, 0.895)",0.2660393498716852,0.816,0.895
94,"(0.816, 0.974)",0.2609067579127459,0.816,0.974
95,"(0.816, 1.0)",0.262617621899059,0.816,1.0
96,"(0.816, 1.053)",0.2617621899059025,0.816,1.053
97,"(0.816, 1.132)",0.2600513259195894,0.816,1.132
98,"(0.816, 1.211)",0.2600513259195894,0.816,1.211
99,"(0.816, 1.289)",0.25919589392643283,0.816,1.289
100,"(0.816, 1.368)",0.25919589392643283,0.816,1.368
101,"(0.816, 1.447)",0.2600513259195894,0.816,1.447
102,"(0.816, 1.5)",0.25919589392643283,0.816,1.5
103,"(0.816, 1.526)",0.2583404619332763,0.816,1.526
104,"(0.816, 1.605)",0.2583404619332763,0.816,1.605
105,"(0.816, 1.684)",0.2583404619332763,0.816,1.684
106,"(0.816, 1.763)",0.25748502994011974,0.816,1.763
107,"(0.816, 1.842)",0.2583404619332763,0.816,1.842
108,"(0.816, 1.921)",0.2583404619332763,0.816,1.921
109,"(0.816, 2.0)",0.2583404619332763,0.816,2.0
110,"(0.895, 0.5)",0.2292557741659538,0.895,0.5
111,"(0.895, 0.579)",0.23781009409751924,0.895,0.579
112,"(0.895, 0.658)",0.24123182207014543,0.895,0.658
113,"(0.895, 0.737)",0.24294268605645852,0.895,0.737
114,"(0.895, 0.816)",0.2540633019674936,0.895,0.816
115,"(0.895, 0.895)",0.262617621899059,0.895,0.895
116,"(0.895, 0.974)",0.2668947818648417,0.895,0.974
117,"(0.895, 1.0)",0.2660393498716852,0.895,1.0
118,"(0.895, 1.053)",0.2609067579127459,0.895,1.053
119,"(0.895, 1.132)",0.2609067579127459,0.895,1.132
120,"(0.895, 1.211)",0.2600513259195894,0.895,1.211
121,"(0.895, 1.289)",0.25919589392643283,0.895,1.289
122,"(0.895, 1.368)",0.25919589392643283,0.895,1.368
123,"(0.895, 1.447)",0.2609067579127459,0.895,1.447
124,"(0.895, 1.5)",0.25919589392643283,0.895,1.5
125,"(0.895, 1.526)",0.25919589392643283,0.895,1.526
126,"(0.895, 1.605)",0.25919589392643283,0.895,1.605
127,"(0.895, 1.684)",0.2583404619332763,0.895,1.684
128,"(0.895, 1.763)",0.2583404619332763,0.895,1.763
129,"(0.895, 1.842)",0.2583404619332763,0.895,1.842
130,"(0.895, 1.921)",0.25919589392643283,0.895,1.921
131,"(0.895, 2.0)",0.2583404619332763,0.895,2.0
132,"(0.974, 0.5)",0.22583404619332764,0.974,0.5
133,"(0.974, 0.579)",0.23011120615911035,0.974,0.579
134,"(0.974, 0.658)",0.2369546621043627,0.974,0.658
135,"(0.974, 0.737)",0.23781009409751924,0.974,0.737
136,"(0.974, 0.816)",0.24379811804961504,0.974,0.816
137,"(0.974, 0.895)",0.25320786997433703,0.974,0.895
138,"(0.974, 0.974)",0.262617621899059,0.974,0.974
139,"(0.974, 1.0)",0.26518391787852863,0.974,1.0
140,"(0.974, 1.053)",0.2668947818648417,0.974,1.053
141,"(0.974, 1.132)",0.2617621899059025,0.974,1.132
142,"(0.974, 1.211)",0.2609067579127459,0.974,1.211
143,"(0.974, 1.289)",0.2617621899059025,0.974,1.289
144,"(0.974, 1.368)",0.25919589392643283,0.974,1.368
145,"(0.974, 1.447)",0.2583404619332763,0.974,1.447
146,"(0.974, 1.5)",0.2600513259195894,0.974,1.5
147,"(0.974, 1.526)",0.2609067579127459,0.974,1.526
148,"(0.974, 1.605)",0.2600513259195894,0.974,1.605
149,"(0.974, 1.684)",0.25919589392643283,0.974,1.684
150,"(0.974, 1.763)",0.2583404619332763,0.974,1.763
151,"(0.974, 1.842)",0.2583404619332763,0.974,1.842
152,"(0.974, 1.921)",0.2583404619332763,0.974,1.921
153,"(0.974, 2.0)",0.25919589392643283,0.974,2.0
154,"(1.0, 0.5)",0.22583404619332764,1.0,0.5
155,"(1.0, 0.579)",0.22583404619332764,1.0,0.579
156,"(1.0, 0.658)",0.23267750213858,1.0,0.658
157,"(1.0, 0.737)",0.23952095808383234,1.0,0.737
158,"(1.0, 0.816)",0.24208725406330198,1.0,0.816
159,"(1.0, 0.895)",0.2506415739948674,1.0,0.895
160,"(1.0, 0.974)",0.25919589392643283,1.0,0.974
161,"(1.0, 1.0)",0.2643284858853721,1.0,1.0
162,"(1.0, 1.053)",0.2694610778443114,1.0,1.053
163,"(1.0, 1.132)",0.2643284858853721,1.0,1.132
164,"(1.0, 1.211)",0.2600513259195894,1.0,1.211
165,"(1.0, 1.289)",0.25919589392643283,1.0,1.289
166,"(1.0, 1.368)",0.2600513259195894,1.0,1.368
167,"(1.0, 1.447)",0.2583404619332763,1.0,1.447
168,"(1.0, 1.5)",0.2583404619332763,1.0,1.5
169,"(1.0, 1.526)",0.2600513259195894,1.0,1.526
170,"(1.0, 1.605)",0.2600513259195894,1.0,1.605
171,"(1.0, 1.684)",0.25919589392643283,1.0,1.684
172,"(1.0, 1.763)",0.25919589392643283,1.0,1.763
173,"(1.0, 1.842)",0.2583404619332763,1.0,1.842
174,"(1.0, 1.921)",0.2583404619332763,1.0,1.921
175,"(1.0, 2.0)",0.2583404619332763,1.0,2.0
176,"(1.053, 0.5)",0.22412318220701455,1.053,0.5
177,"(1.053, 0.579)",0.22583404619332764,1.053,0.579
178,"(1.053, 0.658)",0.2292557741659538,1.053,0.658
179,"(1.053, 0.737)",0.23781009409751924,1.053,0.737
180,"(1.053, 0.816)",0.2386655260906758,1.053,0.816
181,"(1.053, 0.895)",0.24636441402908468,1.053,0.895
182,"(1.053, 0.974)",0.2540633019674936,1.053,0.974
183,"(1.053, 1.0)",0.2557741659538067,1.053,1.0
184,"(1.053, 1.053)",0.2643284858853721,1.053,1.053
185,"(1.053, 1.132)",0.2677502138579983,1.053,1.132
186,"(1.053, 1.211)",0.2617621899059025,1.053,1.211
187,"(1.053, 1.289)",0.2609067579127459,1.053,1.289
188,"(1.053, 1.368)",0.2600513259195894,1.053,1.368
189,"(1.053, 1.447)",0.25919589392643283,1.053,1.447
190,"(1.053, 1.5)",0.2583404619332763,1.053,1.5
191,"(1.053, 1.526)",0.2583404619332763,1.053,1.526
192,"(1.053, 1.605)",0.2600513259195894,1.053,1.605
193,"(1.053, 1.684)",0.2600513259195894,1.053,1.684
194,"(1.053, 1.763)",0.25919589392643283,1.053,1.763
195,"(1.053, 1.842)",0.25919589392643283,1.053,1.842
196,"(1.053, 1.921)",0.2583404619332763,1.053,1.921
197,"(1.053, 2.0)",0.2583404619332763,1.053,2.0
198,"(1.132, 0.5)",0.2215568862275449,1.132,0.5
199,"(1.132, 0.579)",0.223267750213858,1.132,0.579
200,"(1.132, 0.658)",0.2249786142001711,1.132,0.658
201,"(1.132, 0.737)",0.23011120615911035,1.132,0.737
202,"(1.132, 0.816)",0.23609923011120615,1.132,0.816
203,"(1.132, 0.895)",0.24037639007698888,1.132,0.895
204,"(1.132, 0.974)",0.24636441402908468,1.132,0.974
205,"(1.132, 1.0)",0.2506415739948674,1.132,1.0
206,"(1.132, 1.053)",0.25320786997433703,1.132,1.053
207,"(1.132, 1.132)",0.26518391787852863,1.132,1.132
208,"(1.132, 1.211)",0.2677502138579983,1.132,1.211
209,"(1.132, 1.289)",0.2634730538922156,1.132,1.289
210,"(1.132, 1.368)",0.2600513259195894,1.132,1.368
211,"(1.132, 1.447)",0.2609067579127459,1.132,1.447
212,"(1.132, 1.5)",0.2600513259195894,1.132,1.5
213,"(1.132, 1.526)",0.2583404619332763,1.132,1.526
214,"(1.132, 1.605)",0.2583404619332763,1.132,1.605
215,"(1.132, 1.684)",0.25919589392643283,1.132,1.684
216,"(1.132, 1.763)",0.2600513259195894,1.132,1.763
217,"(1.132, 1.842)",0.2600513259195894,1.132,1.842
218,"(1.132, 1.921)",0.25919589392643283,1.132,1.921
219,"(1.132, 2.0)",0.2583404619332763,1.132,2.0
220,"(1.211, 0.5)",0.21813515825491872,1.211,0.5
221,"(1.211, 0.579)",0.22241231822070145,1.211,0.579
222,"(1.211, 0.658)",0.22241231822070145,1.211,0.658
223,"(1.211, 0.737)",0.2249786142001711,1.211,0.737
224,"(1.211, 0.816)",0.2309666381522669,1.211,0.816
225,"(1.211, 0.895)",0.23438836612489308,1.211,0.895
226,"(1.211, 0.974)",0.24037639007698888,1.211,0.974
227,"(1.211, 1.0)",0.23952095808383234,1.211,1.0
228,"(1.211, 1.053)",0.24807527801539778,1.211,1.053
229,"(1.211, 1.132)",0.2540633019674936,1.211,1.132
230,"(1.211, 1.211)",0.2643284858853721,1.211,1.211
231,"(1.211, 1.289)",0.2660393498716852,1.211,1.289
232,"(1.211, 1.368)",0.2634730538922156,1.211,1.368
233,"(1.211, 1.447)",0.2600513259195894,1.211,1.447
234,"(1.211, 1.5)",0.2600513259195894,1.211,1.5
235,"(1.211, 1.526)",0.2609067579127459,1.211,1.526
236,"(1.211, 1.605)",0.25919589392643283,1.211,1.605
237,"(1.211, 1.684)",0.25748502994011974,1.211,1.684
238,"(1.211, 1.763)",0.25919589392643283,1.211,1.763
239,"(1.211, 1.842)",0.2600513259195894,1.211,1.842
240,"(1.211, 1.921)",0.2600513259195894,1.211,1.921
241,"(1.211, 2.0)",0.2600513259195894,1.211,2.0
242,"(1.289, 0.5)",0.21642429426860565,1.289,0.5
243,"(1.289, 0.579)",0.21899059024807527,1.289,0.579
244,"(1.289, 0.658)",0.22241231822070145,1.289,0.658
245,"(1.289, 0.737)",0.22241231822070145,1.289,0.737
246,"(1.289, 0.816)",0.2249786142001711,1.289,0.816
247,"(1.289, 0.895)",0.23182207014542344,1.289,0.895
248,"(1.289, 0.974)",0.23267750213858,1.289,0.974
249,"(1.289, 1.0)",0.23609923011120615,1.289,1.0
250,"(1.289, 1.053)",0.2386655260906758,1.289,1.053
251,"(1.289, 1.132)",0.24807527801539778,1.289,1.132
252,"(1.289, 1.211)",0.2557741659538067,1.289,1.211
253,"(1.289, 1.289)",0.2609067579127459,1.289,1.289
254,"(1.289, 1.368)",0.2668947818648417,1.289,1.368
255,"(1.289, 1.447)",0.2634730538922156,1.289,1.447
256,"(1.289, 1.5)",0.262617621899059,1.289,1.5
257,"(1.289, 1.526)",0.2600513259195894,1.289,1.526
258,"(1.289, 1.605)",0.2600513259195894,1.289,1.605
259,"(1.289, 1.684)",0.25748502994011974,1.289,1.684
260,"(1.289, 1.763)",0.25748502994011974,1.289,1.763
261,"(1.289, 1.842)",0.25919589392643283,1.289,1.842
262,"(1.289, 1.921)",0.2600513259195894,1.289,1.921
263,"(1.289, 2.0)",0.2600513259195894,1.289,2.0
264,"(1.368, 0.5)",0.2155688622754491,1.368,0.5
265,"(1.368, 0.579)",0.2172797262617622,1.368,0.579
266,"(1.368, 0.658)",0.21899059024807527,1.368,0.658
267,"(1.368, 0.737)",0.21984602224123181,1.368,0.737
268,"(1.368, 0.816)",0.223267750213858,1.368,0.816
269,"(1.368, 0.895)",0.22668947818648416,1.368,0.895
270,"(1.368, 0.974)",0.23267750213858,1.368,0.974
271,"(1.368, 1.0)",0.2309666381522669,1.368,1.0
272,"(1.368, 1.053)",0.23267750213858,1.368,1.053
273,"(1.368, 1.132)",0.23952095808383234,1.368,1.132
274,"(1.368, 1.211)",0.24893071000855432,1.368,1.211
275,"(1.368, 1.289)",0.25748502994011974,1.368,1.289
276,"(1.368, 1.368)",0.262617621899059,1.368,1.368
277,"(1.368, 1.447)",0.26518391787852863,1.368,1.447
278,"(1.368, 1.5)",0.2660393498716852,1.368,1.5
279,"(1.368, 1.526)",0.2643284858853721,1.368,1.526
280,"(1.368, 1.605)",0.2617621899059025,1.368,1.605
281,"(1.368, 1.684)",0.2600513259195894,1.368,1.684
282,"(1.368, 1.763)",0.2566295979469632,1.368,1.763
283,"(1.368, 1.842)",0.25748502994011974,1.368,1.842
284,"(1.368, 1.921)",0.25919589392643283,1.368,1.921
285,"(1.368, 2.0)",0.2600513259195894,1.368,2.0
286,"(1.447, 0.5)",0.21385799828913601,1.447,0.5
287,"(1.447, 0.579)",0.2155688622754491,1.447,0.579
288,"(1.447, 0.658)",0.21813515825491872,1.447,0.658
289,"(1.447, 0.737)",0.21899059024807527,1.447,0.737
290,"(1.447, 0.816)",0.21984602224123181,1.447,0.816
291,"(1.447, 0.895)",0.22241231822070145,1.447,0.895
292,"(1.447, 0.974)",0.2275449101796407,1.447,0.974
293,"(1.447, 1.0)",0.23011120615911035,1.447,1.0
294,"(1.447, 1.053)",0.2309666381522669,1.447,1.053
295,"(1.447, 1.132)",0.23438836612489308,1.447,1.132
296,"(1.447, 1.211)",0.24037639007698888,1.447,1.211
297,"(1.447, 1.289)",0.24893071000855432,1.447,1.289
298,"(1.447, 1.368)",0.2557741659538067,1.447,1.368
299,"(1.447, 1.447)",0.2634730538922156,1.447,1.447
300,"(1.447, 1.5)",0.2643284858853721,1.447,1.5
301,"(1.447, 1.526)",0.26518391787852863,1.447,1.526
302,"(1.447, 1.605)",0.2660393498716852,1.447,1.605
303,"(1.447, 1.684)",0.262617621899059,1.447,1.684
304,"(1.447, 1.763)",0.25919589392643283,1.447,1.763
305,"(1.447, 1.842)",0.2557741659538067,1.447,1.842
306,"(1.447, 1.921)",0.2583404619332763,1.447,1.921
307,"(1.447, 2.0)",0.25919589392643283,1.447,2.0
308,"(1.5, 0.5)",0.21385799828913601,1.5,0.5
309,"(1.5, 0.579)",0.21385799828913601,1.5,0.579
310,"(1.5, 0.658)",0.21642429426860565,1.5,0.658
311,"(1.5, 0.737)",0.21899059024807527,1.5,0.737
312,"(1.5, 0.816)",0.21984602224123181,1.5,0.816
313,"(1.5, 0.895)",0.22241231822070145,1.5,0.895
314,"(1.5, 0.974)",0.22412318220701455,1.5,0.974
315,"(1.5, 1.0)",0.22668947818648416,1.5,1.0
316,"(1.5, 1.053)",0.23011120615911035,1.5,1.053
317,"(1.5, 1.132)",0.2292557741659538,1.5,1.132
318,"(1.5, 1.211)",0.23438836612489308,1.5,1.211
319,"(1.5, 1.289)",0.2446535500427716,1.5,1.289
320,"(1.5, 1.368)",0.2506415739948674,1.5,1.368
321,"(1.5, 1.447)",0.25748502994011974,1.5,1.447
322,"(1.5, 1.5)",0.2643284858853721,1.5,1.5
323,"(1.5, 1.526)",0.2668947818648417,1.5,1.526
324,"(1.5, 1.605)",0.2634730538922156,1.5,1.605
325,"(1.5, 1.684)",0.2634730538922156,1.5,1.684
326,"(1.5, 1.763)",0.2617621899059025,1.5,1.763
327,"(1.5, 1.842)",0.2566295979469632,1.5,1.842
328,"(1.5, 1.921)",0.2557741659538067,1.5,1.921
329,"(1.5, 2.0)",0.25919589392643283,1.5,2.0
330,"(1.526, 0.5)",0.21300256629597947,1.526,0.5
331,"(1.526, 0.579)",0.21385799828913601,1.526,0.579
332,"(1.526, 0.658)",0.21642429426860565,1.526,0.658
333,"(1.526, 0.737)",0.2172797262617622,1.526,0.737
334,"(1.526, 0.816)",0.21984602224123181,1.526,0.816
335,"(1.526, 0.895)",0.2215568862275449,1.526,0.895
336,"(1.526, 0.974)",0.22241231822070145,1.526,0.974
337,"(1.526, 1.0)",0.22412318220701455,1.526,1.0
338,"(1.526, 1.053)",0.22840034217279725,1.526,1.053
339,"(1.526, 1.132)",0.23011120615911035,1.526,1.132
340,"(1.526, 1.211)",0.23438836612489308,1.526,1.211
341,"(1.526, 1.289)",0.24037639007698888,1.526,1.289
342,"(1.526, 1.368)",0.24893071000855432,1.526,1.368
343,"(1.526, 1.447)",0.2557741659538067,1.526,1.447
344,"(1.526, 1.5)",0.262617621899059,1.526,1.5
345,"(1.526, 1.526)",0.2643284858853721,1.526,1.526
346,"(1.526, 1.605)",0.2643284858853721,1.526,1.605
347,"(1.526, 1.684)",0.2660393498716852,1.526,1.684
348,"(1.526, 1.763)",0.2634730538922156,1.526,1.763
349,"(1.526, 1.842)",0.25919589392643283,1.526,1.842
350,"(1.526, 1.921)",0.2557741659538067,1.526,1.921
351,"(1.526, 2.0)",0.2557741659538067,1.526,2.0
352,"(1.605, 0.5)",0.21214713430282292,1.605,0.5
353,"(1.605, 0.579)",0.21300256629597947,1.605,0.579
354,"(1.605, 0.658)",0.21471343028229256,1.605,0.658
355,"(1.605, 0.737)",0.2155688622754491,1.605,0.737
356,"(1.605, 0.816)",0.2172797262617622,1.605,0.816
357,"(1.605, 0.895)",0.21984602224123181,1.605,0.895
358,"(1.605, 0.974)",0.2215568862275449,1.605,0.974
359,"(1.605, 1.0)",0.2215568862275449,1.605,1.0
360,"(1.605, 1.053)",0.22412318220701455,1.605,1.053
361,"(1.605, 1.132)",0.23011120615911035,1.605,1.132
362,"(1.605, 1.211)",0.2292557741659538,1.605,1.211
363,"(1.605, 1.289)",0.23267750213858,1.605,1.289
364,"(1.605, 1.368)",0.24123182207014543,1.605,1.368
365,"(1.605, 1.447)",0.24893071000855432,1.605,1.447
366,"(1.605, 1.5)",0.2549187339606501,1.605,1.5
367,"(1.605, 1.526)",0.2540633019674936,1.605,1.526
368,"(1.605, 1.605)",0.2634730538922156,1.605,1.605
369,"(1.605, 1.684)",0.2643284858853721,1.605,1.684
370,"(1.605, 1.763)",0.2660393498716852,1.605,1.763
371,"(1.605, 1.842)",0.2634730538922156,1.605,1.842
372,"(1.605, 1.921)",0.25919589392643283,1.605,1.921
373,"(1.605, 2.0)",0.2557741659538067,1.605,2.0
374,"(1.684, 0.5)",0.21129170230966637,1.684,0.5
375,"(1.684, 0.579)",0.21214713430282292,1.684,0.579
376,"(1.684, 0.658)",0.21300256629597947,1.684,0.658
377,"(1.684, 0.737)",0.21385799828913601,1.684,0.737
378,"(1.684, 0.816)",0.2155688622754491,1.684,0.816
379,"(1.684, 0.895)",0.21899059024807527,1.684,0.895
380,"(1.684, 0.974)",0.21984602224123181,1.684,0.974
381,"(1.684, 1.0)",0.2215568862275449,1.684,1.0
382,"(1.684, 1.053)",0.2215568862275449,1.684,1.053
383,"(1.684, 1.132)",0.2249786142001711,1.684,1.132
384,"(1.684, 1.211)",0.2292557741659538,1.684,1.211
385,"(1.684, 1.289)",0.23011120615911035,1.684,1.289
386,"(1.684, 1.368)",0.23182207014542344,1.684,1.368
387,"(1.684, 1.447)",0.24294268605645852,1.684,1.447
388,"(1.684, 1.5)",0.24978614200171087,1.684,1.5
389,"(1.684, 1.526)",0.24893071000855432,1.684,1.526
390,"(1.684, 1.605)",0.2549187339606501,1.684,1.605
391,"(1.684, 1.684)",0.2634730538922156,1.684,1.684
392,"(1.684, 1.763)",0.2643284858853721,1.684,1.763
393,"(1.684, 1.842)",0.26518391787852863,1.684,1.842
394,"(1.684, 1.921)",0.2634730538922156,1.684,1.921
395,"(1.684, 2.0)",0.25748502994011974,1.684,2.0
396,"(1.763, 0.5)",0.21129170230966637,1.763,0.5
397,"(1.763, 0.579)",0.21129170230966637,1.763,0.579
398,"(1.763, 0.658)",0.21129170230966637,1.763,0.658
399,"(1.763, 0.737)",0.21385799828913601,1.763,0.737
400,"(1.763, 0.816)",0.21471343028229256,1.763,0.816
401,"(1.763, 0.895)",0.2155688622754491,1.763,0.895
402,"(1.763, 0.974)",0.21899059024807527,1.763,0.974
403,"(1.763, 1.0)",0.21984602224123181,1.763,1.0
404,"(1.763, 1.053)",0.2215568862275449,1.763,1.053
405,"(1.763, 1.132)",0.2215568862275449,1.763,1.132
406,"(1.763, 1.211)",0.2275449101796407,1.763,1.211
407,"(1.763, 1.289)",0.22840034217279725,1.763,1.289
408,"(1.763, 1.368)",0.23182207014542344,1.763,1.368
409,"(1.763, 1.447)",0.23182207014542344,1.763,1.447
410,"(1.763, 1.5)",0.23781009409751924,1.763,1.5
411,"(1.763, 1.526)",0.24294268605645852,1.763,1.526
412,"(1.763, 1.605)",0.24893071000855432,1.763,1.605
413,"(1.763, 1.684)",0.2557741659538067,1.763,1.684
414,"(1.763, 1.763)",0.2617621899059025,1.763,1.763
415,"(1.763, 1.842)",0.26518391787852863,1.763,1.842
416,"(1.763, 1.921)",0.26518391787852863,1.763,1.921
417,"(1.763, 2.0)",0.2634730538922156,1.763,2.0
418,"(1.842, 0.5)",0.21043627031650983,1.842,0.5
419,"(1.842, 0.579)",0.21129170230966637,1.842,0.579
420,"(1.842, 0.658)",0.21129170230966637,1.842,0.658
421,"(1.842, 0.737)",0.21129170230966637,1.842,0.737
422,"(1.842, 0.816)",0.21471343028229256,1.842,0.816
423,"(1.842, 0.895)",0.21471343028229256,1.842,0.895
424,"(1.842, 0.974)",0.2155688622754491,1.842,0.974
425,"(1.842, 1.0)",0.2172797262617622,1.842,1.0
426,"(1.842, 1.053)",0.21899059024807527,1.842,1.053
427,"(1.842, 1.132)",0.2215568862275449,1.842,1.132
428,"(1.842, 1.211)",0.2215568862275449,1.842,1.211
429,"(1.842, 1.289)",0.2275449101796407,1.842,1.289
430,"(1.842, 1.368)",0.22840034217279725,1.842,1.368
431,"(1.842, 1.447)",0.23267750213858,1.842,1.447
432,"(1.842, 1.5)",0.23267750213858,1.842,1.5
433,"(1.842, 1.526)",0.23267750213858,1.842,1.526
434,"(1.842, 1.605)",0.24379811804961504,1.842,1.605
435,"(1.842, 1.684)",0.2506415739948674,1.842,1.684
436,"(1.842, 1.763)",0.25748502994011974,1.842,1.763
437,"(1.842, 1.842)",0.262617621899059,1.842,1.842
438,"(1.842, 1.921)",0.26518391787852863,1.842,1.921
439,"(1.842, 2.0)",0.26518391787852863,1.842,2.0
440,"(1.921, 0.5)",0.21043627031650983,1.921,0.5
441,"(1.921, 0.579)",0.21043627031650983,1.921,0.579
442,"(1.921, 0.658)",0.21043627031650983,1.921,0.658
443,"(1.921, 0.737)",0.21129170230966637,1.921,0.737
444,"(1.921, 0.816)",0.21214713430282292,1.921,0.816
445,"(1.921, 0.895)",0.21471343028229256,1.921,0.895
446,"(1.921, 0.974)",0.21471343028229256,1.921,0.974
447,"(1.921, 1.0)",0.21471343028229256,1.921,1.0
448,"(1.921, 1.053)",0.2172797262617622,1.921,1.053
449,"(1.921, 1.132)",0.2215568862275449,1.921,1.132
450,"(1.921, 1.211)",0.2215568862275449,1.921,1.211
451,"(1.921, 1.289)",0.223267750213858,1.921,1.289
452,"(1.921, 1.368)",0.22840034217279725,1.921,1.368
453,"(1.921, 1.447)",0.22668947818648416,1.921,1.447
454,"(1.921, 1.5)",0.23267750213858,1.921,1.5
455,"(1.921, 1.526)",0.23182207014542344,1.921,1.526
456,"(1.921, 1.605)",0.2352437981180496,1.921,1.605
457,"(1.921, 1.684)",0.24294268605645852,1.921,1.684
458,"(1.921, 1.763)",0.2523524379811805,1.921,1.763
459,"(1.921, 1.842)",0.25748502994011974,1.921,1.842
460,"(1.921, 1.921)",0.2617621899059025,1.921,1.921
461,"(1.921, 2.0)",0.26518391787852863,1.921,2.0
462,"(2.0, 0.5)",0.20958083832335328,2.0,0.5
463,"(2.0, 0.579)",0.20958083832335328,2.0,0.579
464,"(2.0, 0.658)",0.21043627031650983,2.0,0.658
465,"(2.0, 0.737)",0.21043627031650983,2.0,0.737
466,"(2.0, 0.816)",0.21214713430282292,2.0,0.816
467,"(2.0, 0.895)",0.21300256629597947,2.0,0.895
468,"(2.0, 0.974)",0.21471343028229256,2.0,0.974
469,"(2.0, 1.0)",0.21471343028229256,2.0,1.0
470,"(2.0, 1.053)",0.21471343028229256,2.0,1.053
471,"(2.0, 1.132)",0.21642429426860565,2.0,1.132
472,"(2.0, 1.211)",0.2215568862275449,2.0,1.211
473,"(2.0, 1.289)",0.2215568862275449,2.0,1.289
474,"(2.0, 1.368)",0.2249786142001711,2.0,1.368
475,"(2.0, 1.447)",0.2275449101796407,2.0,1.447
476,"(2.0, 1.5)",0.22583404619332764,2.0,1.5
477,"(2.0, 1.526)",0.22840034217279725,2.0,1.526
478,"(2.0, 1.605)",0.23182207014542344,2.0,1.605
479,"(2.0, 1.684)",0.2352437981180496,2.0,1.684
480,"(2.0, 1.763)",0.2446535500427716,2.0,1.763
481,"(2.0, 1.842)",0.25149700598802394,2.0,1.842
482,"(2.0, 1.921)",0.2566295979469632,2.0,1.921
483,"(2.0, 2.0)",0.2617621899059025,2.0,2.0
